[
  {
    "title": "The Legend of Zelda: Breath of the Wild",
    "platform": "Nintendo Switch",
    "genre": "Action-Adventure",
    "release_date": "March 3, 2017",
    "image_url": "https://images.unsplash.com/photo-1493711662062-fa541adb3fc8?ixlib=rb-4.0.3&ixid=M3wxMjA3fDB8MHxwaG90by1wYWdlfHx8fGVufDB8fHx8fA%3D%3D&auto=format&fit=crop&w=1170&q=80"
  },
  {
    "title": "Red Dead Redemption 2",
    "platform": "PlayStation 4, Xbox One, PC",
    "genre": "Action-Adventure",
    "release_date": "October 26, 2018",
    "image_url": "https://images.unsplash.com/photo-1550745165-9bc0b252726f?ixlib=rb-4.0.3&ixid=M3wxMjA3fDB8MHxwaG90by1wYWdlfHx8fGVufDB8fHx8fA%3D%3D&auto=format&fit=crop&w=1170&q=80"
  },
  {
    "title": "The Witcher 3: Wild Hunt",
    "platform": "PlayStation 4, Xbox One, PC",
    "genre": "Action RPG",
    "release_date": "May 19, 2015",
    "image_url": "https://images.unsplash.com/photo-1534423861386-85a16f5d13fd?ixlib=rb-4.0.3&ixid=M3wxMjA3fDB8MHxzZWFyY2h8M3x8Z2FtZXxlbnwwfHwwfHx8MA%3D%3D&auto=format&fit=crop&w=500&q=60"
  },
  {
    "title": "Super Mario Odyssey",
    "platform": "Nintendo Switch",
    "genre": "Platformer",
    "release_date": "October 27, 2017",
    "image_url": "https://plus.unsplash.com/premium_photo-1664392434825-eb95db0931d4?ixlib=rb-4.0.3&ixid=M3wxMjA3fDB8MHxzZWFyY2h8N3x8Z2FtZXxlbnwwfHwwfHx8MA%3D%3D&auto=format&fit=crop&w=500&q=60"
  },
  {
    "title": "Fortnite",
    "platform": "Multi-platform",
    "genre": "Battle Royale",
    "release_date": "July 25, 2017",
    "image_url": "https://images.unsplash.com/photo-1490810194309-344b3661ba39?ixlib=rb-4.0.3&ixid=M3wxMjA3fDB8MHxzZWFyY2h8MTZ8fGdhbWV8ZW58MHx8MHx8fDA%3D&auto=format&fit=crop&w=500&q=60"
  },
  {
    "title": "Minecraft",
    "platform": "Multi-platform",
    "genre": "Sandbox",
    "release_date": "November 18, 2011",
    "image_url": "https://images.unsplash.com/photo-1551103782-8ab07afd45c1?ixlib=rb-4.0.3&ixid=M3wxMjA3fDB8MHxzZWFyY2h8MTV8fGdhbWV8ZW58MHx8MHx8fDA%3D&auto=format&fit=crop&w=500&q=60"
  },
  {
    "title": "Overwatch",
    "platform": "PlayStation 4, Xbox One, PC",
    "genre": "First-Person Shooter",
    "release_date": "May 24, 2016",
    "image_url": "https://images.unsplash.com/photo-1542751371-adc38448a05e?ixlib=rb-4.0.3&ixid=M3wxMjA3fDB8MHxzZWFyY2h8MjB8fGdhbWV8ZW58MHx8MHx8fDA%3D&auto=format&fit=crop&w=500&q=60"
  },
  {
    "title": "Grand Theft Auto V",
    "platform": "PlayStation 4, Xbox One, PC",
    "genre": "Action-Adventure",
    "release_date": "September 17, 2013",
    "image_url": "https://images.unsplash.com/photo-1537963447914-dbc04b81de27?ixlib=rb-4.0.3&ixid=M3wxMjA3fDB8MHxzZWFyY2h8MTd8fGdhbWV8ZW58MHx8MHx8fDA%3D&auto=format&fit=crop&w=500&q=60"
  },
  {
    "title": "FIFA 22",
    "platform": "PlayStation 5, Xbox Series X/S, PC",
    "genre": "Sports",
    "release_date": "October 1, 2021",
    "image_url": "https://images.unsplash.com/photo-1472457897821-70d3819a0e24?ixlib=rb-4.0.3&ixid=M3wxMjA3fDB8MHxzZWFyY2h8MTJ8fGdhbWV8ZW58MHx8MHx8fDA%3D&auto=format&fit=crop&w=500&q=60"
  },
  {
    "title": "Animal Crossing: New Horizons",
    "platform": "Nintendo Switch",
    "genre": "Life Simulation",
    "release_date": "March 20, 2020",
    "image_url": "https://images.unsplash.com/photo-1585504198199-20277593b94f?ixlib=rb-4.0.3&ixid=M3wxMjA3fDB8MHxzZWFyY2h8MTh8fGdhbWV8ZW58MHx8MHx8fDA%3D&auto=format&fit=crop&w=500&q=60"
  }
]
